PPN; EPN; Jahr; Titel+Zusatz; Verfasser; Ort+Verlag; Umfang; Basisklassifikation; Schlagwort; ExKommentar4802; Schlagwort6800; Abrufzeichen8600; Signatur; Standort; URL1699822972; 3682810803; 1933; Der Lebensweg Jesu : Bilderkarte nach den vier Evangelien; nan; Kassel : Bärenreiter; 1 Wandkarte; nan; nan; nan; nan; nan; Kart. U 9077; 1:KTA; nan
1844961680; 4320302796; 1932; [Historische Karten der Mandschurei]; nan; [S.l.]; 5 Blätter; nan; nan; nan; nan; nan; Kart. U 9829/3; 1:KTA; nan
1694432130; 3622683589; 1932; [Historische Karten der Mandschurei]; nan; [S.l.]; 15 Blätter; nan; nan; nan; nan; nan; 2'@Kart. U 9829; 1:KTA; nan
306749963; 433878150; 1932; Stuttgarter Bibel-Atlas; nan; Stuttgart : Württemberg. Bibelanst.; 88 S; 11.49$jBibel: Sonstiges; 104798491: Biblische Geografie ; ID: gnd/4145286-0; nan; nan; nan; 4'@Kart. U 7128; 1:KTA; nan
1439289956; 3743041626; 1931; Palästina bis zur Zeit Christi nebst übersicht über das Leben Jesu nach dem Markusevangelium graphisch dargest.; nan; Berlin : Fussinger; 1 Karte; nan; nan; nan; nan; nan; 8'@Kart. U 8725; 1:KTA; nan
1786494833; 4038283577; 1930; Chung-kuo ti li yen-ko-tu; nan; Shanghai : [Verlag nicht ermittelbar]; 1 Atlas (34 Blätter); nan; nan; nan; nan; nan; 4'@Kart. U 9827; 1:KTA; nan
446382167; 1820470121; 1929; Liste de noms géographiques; Boudou, Adrien; Roma; 201 S. 4'; nan; nan; nan; nan; nan; 4'@Kart. U 6926; 1:KTA; nan
1748218808; 3852131863; 1928; Historical atlas of India : for the use of high schools, colleges, and private students; Joppen, Charles *1878-* ; ID: gnd/114642499X; Calcutta [u.a.] : Longmans, Green; 1 Atlas (20, 33 Seiten); nan; nan; nan; nan; nan; 4'@Kart. U 9918<3>; 1:KTA; nan
1809284538; 416182484X; 1926; Tōyō-dukushi-chi͏̈zu; nan; Tokyo : Fusambo; 30 Kartenblätter, 32 Seiten; nan; nan; nan; nan; nan; 4'@Kart. U 9825<4>; 1:KTA; nan
1765319900; 396033804X; 1926; Bacons̓ biblical atlas : apostolic period; nan; London : G.W. Bacon & Co.; 1 Atlas (20 Blätter); nan; nan; nan; nan; nan; 4'@Kart. U 7126; 1:KTA; nan
039427218; 4302433396; 1926; Bibelatlas : in 21 Haupt- und 30 Nebenkarten ; mit drei alphabetischen Namen-Verzeichnissen; Guthe, Hermann *1849-1936* ; ID: gnd/116932155; Leipzig : H. Wagner & E. Debes; 1 Atlas (1 Band (verschiedene Seitenzählungen)); 74.31$jGeschichte der Kartographie; nan; nan; nan; nan; 2'@Kart. U 7107<2;a>; 1:KTA; nan
1752754956; 3897938340; 1925; Panoramica del Campo enemigo tomada desde la Plaza de Alhucemas; nan; [S.l.]; 1 Karte; nan; nan; nan; nan; nan; 8'@Kart. U 80028; 1:KTA; nan
1785403788; 4032709092; 1924; Philips' atlas of the New Testament; Stirling, John F. ; ID: gnd/1147052913; London : G. Philip & Son; 27, 29 Seiten; nan; nan; nan; nan; nan; 8'@Kart. U 7124; 1:KTA; nan
1756600058; 3919849620; 1924; Bible Atlas : a manual of biblical geography and history ...; nan; Chicago : Rand Mc. Nally & Co.; 1 Atlas (30 Blätter); nan; nan; nan; nan; nan; 4'@Kart. U 7105<2>; 1:KTA; nan
582319803; 1624520790; 1924; Atlas scripturae sacrae : 10 tabulae geographicae ; cum indice locorum scripturae sacrae vulgatae editionis, scriptorum ecclesiasticorum et ethnicorum; nan; Friburgi Brisgoviae : Herder; 1 Atlas (10 Blätter); nan; nan; nan; nan; nan; 4'@Kart. U 7082<3>; 1:KTA; nan
582319803; 3980219860; 1924; Atlas scripturae sacrae : 10 tabulae geographicae ; cum indice locorum scripturae sacrae vulgatae editionis, scriptorum ecclesiasticorum et ethnicorum; nan; Friburgi Brisgoviae : Herder; 1 Atlas (10 Blätter); nan; nan; nan; nan; nan; 4'@Kart. U 7082<3,a>; 1:KTA; nan
1800470517; 4124810997; 1922; Karta na Palestina ... : geografičeska karta na novoto i vemchi zavěd ...; nan; Sofija : P. Toškov; 1 Karte; nan; nan; nan; nan; nan; Kart. U 8940; 1:KTA; nan
37701415X; 353860679X; 1922; Tilmann Stellas Karten von Palästina; Ernst, Gustav *1869-1929* ; ID: gnd/124181422; [s.l.]; [1] Bl; nan; nan; nan; nan; nan; 4'@Kart. U 8171; 1:KTA; nan
499140060; 3783152402; 1921; Atlas geographiae biblicae, addita brevi notitia regionum et locorum; Gramatica, Luigi *1865-1935* ; ID: gnd/123042003; Bergomi : Istituto italiano d'arti grafiche; 26 S., 8 gef. Bl.; nan; nan; nan; nan; nan; 8'@Kart. U 7120; 1:KTA; nan
1049357124; 1849738866; 1920; Map of Syria in the IV., V., VI. centuries; nan; New-York : The American Geographical Society; 1 Karte; nan; nan; nan; nan; nan; Kart. U 9075; 1:KTA; nan
100861453X; 1729553702; 1917; Palästina zur Zeit Jesu Christi; nan; Leipzig : Klasing & Lang; 1 Karte auf 4 Blättern; nan; nan; Revision IIIC 2023; nan; nan; Kart. U 9066<19>; 4:KTA; nan
1767933703; 3971344704; 1916; The Bible atlas; nan; Edinburgh : W. & A.K. Johnston; 1 Atlas (8 Blätter); nan; nan; nan; nan; nan; 4'@Kart. U 7117; 1:KTA; nan
1019900148; 1767928203; 1915; Atlas des Missions Franciscaines en Chine, 1915; nan; Paris : Procure des Missions Franciscaines; 11 Blätter; nan; nan; nan; nan; nan; 2'@Kart. U 9823; 1:KTA; nan
860493954; 1619080575; 1915; Atlas of the historical geography of the Holy Land; Smith, George Adam *1856-1942* ; ID: gnd/101665539; London : Hodder & Stoughton; 1 atlas (xxxvi, 60 leaves); nan; nan; nan; nan; nan; 2'@Kart. U 7115; 1:KTA; nan
1787396762; 4047086525; 1913; Istoriko-geografičeskij atlas' Palestiny : soderžaščij 18 kart', 5 planov' i vid' Ierusalimskago Chrama; Историко-географическій атласъ Палестины : содержащій 18 картъ, 5 плановъ и видъ іерусалимскаго Xрама; Soloweitschik, Max *1883-1957* ; ID: gnd/1122489676; S.P.B. [Saint Petersburg] : Izdanīe gazety Gazety 'Razsvʺetʺ S.P.B; С.П.Б. [Saint Petersburg] : Изданiе газеты 'Разсвъетъ' С.П.Б; 1 Atlas (IV Seiten, 8 Blätter, 10 Seiten); nan; nan; nan; nan; nan; 4'@Kart. U 7112; 1:KTA!; nan
1787396762; 4055484887; 1913; Istoriko-geografičeskij atlas' Palestiny : soderžaščij 18 kart', 5 planov' i vid' Ierusalimskago Chrama; Историко-географическій атласъ Палестины : содержащій 18 картъ, 5 плановъ и видъ іерусалимскаго Xрама; Soloweitschik, Max *1883-1957* ; ID: gnd/1122489676; S.P.B. [Saint Petersburg] : Izdanīe gazety Gazety 'Razsvʺetʺ S.P.B; С.П.Б. [Saint Petersburg] : Изданiе газеты 'Разсвъетъ' С.П.Б; 1 Atlas (IV Seiten, 8 Blätter, 10 Seiten); nan; nan; nan; nan; nan; 4'@Kart. U 7112<a>; 1:KTA!; nan
178048397X; 401509641X; 1913; Der Zug des Cyrus durch Kappadozien und Zilizien verglichen mit der Trasse der Bagdadbahn; nan; Gotha : Justus Perthes; 1 Karte; nan; nan; nan; nan; nan; Kart. U 7605; 1:KTA; nan
1772113484; 3982300029; 1913; Palästina bis zur Zeit Christi; nan; Leipzig : Alfred Müller; 1 Karte auf 4 Blättern; nan; nan; nan; nan; nan; Kart. U 8720; 1:KTA; nan
1725872781; 3731931265; 1913; Die alte Verbindung zwischen dem Oxus und dem Kaspischen Meer; nan; Gotha : Perthes; 1 Karte; nan; nan; nan; nan; nan; Kart. U 9652; 1:KTA; nan
1725488388; 3729137131; 1912; H̨arīta al-mamlarta al-islāmija; nan; Cairo : Survey Dept.; 1 Karte; nan; nan; nan; nan; nan; Kart. U 7700; 1:KTA; nan
1698481497; 3668255032; 1912; [Atlas der Bijbelsche Aardrijks-en Oudheidkunde]; nan; [Nijkerk] : G. F. Callenbach; 1 Atlas (47 Seiten Text, 12 kol. Karten, 61 Seiten Ansichten); nan; nan; nan; nan; nan; 4'@Kart. U 7110; 1:KTA; nan
415520754; 422220299; 1912; A literary & historical atlas of Asia; Bartholomew, John G. *1860-1920* ; ID: gnd/123886384; London [u.a.] : Dent [u.a.]; XI, 226 S.; nan; nan; nan; nan; nan; 8'@Kart. U 6520; 1:KTA; nan
1815120940; 4182526104; 1911; Historische Wandkarte von Armenien; nan; Tiflis : [H. Düsterdiek]; 1 Karte auf 6 Blättern; nan; nan; nan; nan; nan; Kart. U 7910; 1:KTA; nan
1738022110; 3792783967; 1911; Carte archéologique de l'ancien Cambodge : par le Chef de Bataillon E. Lunet de Lajonquière de l'Infanterie coloniale Missions de 1899-901, 1903-1905, 1907-1909 ; gravé et Imp. par Dufrénoy-Paris; Lunet de Lajonquière, Étienne E. *1861-* ; ID: gnd/1055754911; Paris : E. Leroux; 1 Karte; nan; nan; nan; nan; nan; Kart. U 9923; 1:KTA; nan
1725873044; 3731949687; 1911; Zentralasien zur Zeit der alten Handelsbeziehungen zwischen China und den iranisch-turanischen Ländern (114 v. Chr. - 23 n. Chr. und 87 - 127 n. Chr.); nan; Gotha : Perthes; 1 Karte; nan; nan; nan; nan; nan; Kart. U 6550; 1:KTA; nan
14362539X; 3735242537; 1911; Bibelatlas : in 20 Haupt- und 28 Nebenkarten ; mit einem Verzeichnis der alten und neuen Ortsnamen; Guthe, Hermann *1849-1936* ; ID: gnd/116932155; Leipzig : H. Wagner & E. Debes; 1 Atlas (1 Band (verschiedene Seitenzählungen)); 11.49$jBibel: Sonstiges; nan; nan; nan; nan; 2'@Kart. U 7107; 1:KTA; nan
14362539X; 3735242545; 1911; Bibelatlas : in 20 Haupt- und 28 Nebenkarten ; mit einem Verzeichnis der alten und neuen Ortsnamen; Guthe, Hermann *1849-1936* ; ID: gnd/116932155; Leipzig : H. Wagner & E. Debes; 1 Atlas (1 Band (verschiedene Seitenzählungen)); 11.49$jBibel: Sonstiges; nan; nan; nan; nan; 2'@Kart. U 7107<a>; 1:KTA; nan
40507543X; 442725396; 1909; Atlas zur Geschichte der Kartographie der japanischen Inseln : nebst d. holländ. Journal d. Reise Mathys Quasts u. A. J. Tasmans z. Entdeckung d. Goldinseln im Osten von Japan i. d. J. 1639 u. dessen deutscher Übers.; Teleki, Pál *1879-1941* ; ID: gnd/11924716X; Leipzig : Hiersemann; XII, 184 S.; nan; nan; nan; nan; nan; 2'@Kart. U 9820; 1:KTA; nan
40507543X; 153422954X; 1909; Atlas zur Geschichte der Kartographie der japanischen Inseln : nebst d. holländ. Journal d. Reise Mathys Quasts u. A. J. Tasmans z. Entdeckung d. Goldinseln im Osten von Japan i. d. J. 1639 u. dessen deutscher Übers.; Teleki, Pál *1879-1941* ; ID: gnd/11924716X; Leipzig : Hiersemann; XII, 184 S.; nan; nan; nan; nan; nan; 2'@Kart. U 9820<a>; 1:KTA; nan
1728615720; 3746053765; 1907; Atlas biblicus continens 22 tabulas quibus acc. index topogr. in universam geographiam bibl. ; editore Martino Hagen, S.J. ; E. Guillot del. & sc.; nan; Parisiis : P. Lethielleux; 1 Atlas (115 Seiten, 22 Taf.); nan; nan; nan; nan; nan; 4'@Kart. U 7103; 1:KTA; nan
778413993; 1457583771; 1907; Schul-Atlas zur biblischen Geschichte; nan; Essen : Baedeker; 36 S., 6 Kt.; nan; nan; nan; nan; ark_2022-12-19; 8'@Kart. U 7079<84>; 1:KTA; nan
534871909; 3852115779; 1907; Historical Atlas of India : for the use of High Schools, Colleges, and private Students; Joppen, Charles; London; New York; Bombay; Calcutta : Longmans, Green & Co.; [Gotha : Justus Perthes]; 16 S., 26 Bl.; nan; 105606502: Schulatlas ; ID: gnd/4143306-3; nan; nan; nan; 4'@Kart. U 9918; 1:KTA; nan
143307061; 44298121x; 1907; Mit 1 Kt; Thomsen, Peter *1875-1954* ; ID: gnd/117351075; Halle/S. : Haupt; XVI, 142 S; nan; nan; nan; nan; nan; 8'@Kart. U 9072; 1:KTA; nan
474420035; 688914217; 1906; Atlas scripturae sacrae : 10 tabulae geogr. cum. indice locorum scripturae sacrae vulgatae editionis, scriptorum ecclesiast. et ethnicorum; nan; Friburgi B. : Herder; 1 Atlas (10 Blätter); nan; nan; nan; nan; nan; Kart. U 7082<2>; 1:KTA; nan
146190572; 3909052517; 1906; Tafeln : Zehn Tafeln in 1/6 Größe des Originals; nan; Leipzig : Verl. des Deutschen Vereins zur Erforschung Palästinas; Leipzig : Baedeker in Komm.; Leipzig : Graph. Inst. Julius Klinkhardt; 10 Falttaf.; nan; nan; nan; nan; nan; 4'@Kart. U 8108; 1:KTA; nan
146405471; 893059005; 1905; Das geographische Mosaik von Madaba : die älteste Karte des heiligen Landes ; ein Beitrag zu ihrer Erklärung; Jacoby, Adolf; Leipzig : Dieterich; IX, 109 S.; nan; nan; Umsingiert von Kart. D 6890; nan; nan; 8'@Kart. U 8107; 1:KTA; nan
1748976745; 3868354387; 1904; [Kleinasien 228 v. Chr.]; Kiepert, Richard *1846-1915* ; ID: gnd/116168919; nan; 1 Karte; nan; nan; nan; nan; nan; Kart. U 7492; 1:KTA; nan
888552173; 1843470918; 1904; Tafeln; Brünnow, Rudolf-Ernst; Strassburg : Trübner; Taf.; nan; nan; nan; nan; nan; Kart. U 9535; 1:KTA; nan
30960429X; 4187340777; 1903; Palaestina nach dem Onomasticon des Eusebius; Thomsen, Peter *1875-1954* ; ID: gnd/117351075; Leipzig : Breitkopf & Härtel; 89 S.; 10.00$jGeisteswissenschaften allgemein: Allgemeines; nan; nan; nan; nan; Kart. U 9080; 1:KTA; nan
1727413644; 3741104345; 1902; Syria et Arabia pars...; nan; Berolini : Georg Reimer; 1 Karte; nan; nan; nan; nan; nan; Kart. U 9062; 1:KTA; nan
1727411889; 3741100854; 1902; Asia minor...; nan; Berolini : Georg Reimer; 1 Karte; nan; nan; nan; nan; nan; Kart. U 7503; 1:KTA; nan
446476412; 433834285; 1902; J.E. Braselmann's Bibel-Atlas : zum Schul- und Privatgebrauch : mit Anhängen, enthält tabellarische Übersicht der Könige und Propheten, die alttest. Münzen u. Erklärung wichtiger biblischer Ausdrücke; Braselmann, Julius Eduard *1810-1872* ; ID: gnd/1101605642; Düsseldorf : H. Michels' Nachf.; 32 S.; nan; nan; nan; nan; ark_2022-12-17; 4'@Kart. U 7077<18>; 1:KTA; nan
436853132; 404462561; 1902; Schulatlas zur Biblischen Geschichte; nan; Essen : Bädeker; 27 S., 6 Kt.; nan; nan; nan; nan; ark_2022-12-17; 8'@Kart. U 7079<67>; 1:KTA; nan
1816869821; 4189362301; 1900; New Testament map of Palestine; nan; St. Louis, Mo : A. H. Eilers & Co. Publishers; 1 Karte; nan; nan; nan; nan; nan; Kart. U 8717; 1:KTA; nan
1749384841; 3874220370; 1900; [Troas]; Kiepert, Richard *1846-1915* ; ID: gnd/116168919; [Erscheinungsort nicht ermittelbar] : [Verlag nicht ermittelbar]; 1 Karte; nan; nan; nan; nan; nan; Kart. U 7838; 1:KTA; nan
1749275996; 3872395327; 1900; Die Ruinenfelder von Assyrien; nan; Berlin; 1 Karte; nan; nan; nan; nan; nan; Kart. U 7933; 1:KTA; nan
1749275996; 3872395335; 1900; Die Ruinenfelder von Assyrien; nan; Berlin; 1 Karte; nan; nan; Nachlass Kiepert No. 1370; nan; nan; Kart. U 7933<a>; 1:KTA; nan
1749275996; 3872395343; 1900; Die Ruinenfelder von Assyrien; nan; Berlin; 1 Karte; nan; nan; Nachlass Kiepert No. 2119; nan; nan; Kart. U 7933<b>; 1:KTA; nan
1748374613; 3855341761; 1900; Li-tai-Huang-ho-t'u-chieh-t; nan; [S.l.]; 14 Karten; nan; nan; nan; nan; nan; 2'@Kart. U 9817; 1:KTA; nan
1067448489; 1869288076; 1900; [China zur Zeit des Confucius]; nan; nan; 1 Karte; nan; nan; nan; nan; nan; Kart. U 9783; 1:KTA; nan
1043634797; 1833614275; 1900; 8 Bibel-Karten; nan; [S. n.] : Britische und Ausländische Bibelgesellschaft; 1 atlas (8 Seiten); nan; nan; nan; nan; nan; 8'@Kart. U 7101; 1:KTA; nan
723500657; 132391174X; 1900; Palästina zur Zeit Jesu : nach den neuesten Quellen bearbeitet; nan; Berlin : Ernst Schotte & Co.; 1 Reliefkarte; nan; nan; nan; nan; nan; Kart. U 9068; 1:KTA; nan
450092372; 43747366x; 1900; The scripture atlas, to illustrate the Old and New Testaments : with physical maps of Egypt, Sinai, and Palestine; plans of ancient and modern Jerusalem &c.; nan; Edinburgh & London : W. & A. K. Johnston; 1 Atlas (16 Karten, 6 Seiten); nan; nan; nan; nan; nan; 4'@Kart. U 7099; 1:KTA; nan
447487167; 434842109; 1900; Carte de Nairi-Urartu du XVe au Ve siècles av. J.-C. : Échelle: 1 : 2.200.000; Sandalgian, Joseph *-1916* ; ID: gnd/1055342567; Venezia : A. Pelizzato; 1 Karte; nan; nan; nan; nan; nan; Kart. U 8050; 1:KTA; nan
1738865657; 3805700393; 1899; Schizzo indedito di una carta riassuntiva delle cognizioni greche sull' India; nan; Berlino; 1 Karte; nan; nan; nan; nan; nan; Kart. U 9916/1; 1:KTA; nan
1738865568; 3805700199; 1899; Schizzo indedito di una carta riassuntiva delle cognizioni greche sull' India; nan; Berlino; 1 Karte; nan; nan; nan; nan; nan; Kart. U 9916; 1:KTA; nan
1725502380; 3729164228; 1899; Neue Handkarte von Palaestina; Kiepert, Heinrich *1818-1899* ; ID: gnd/116168862; Berlin : Verlag von Dietrich Reimer; 1 Karte; nan; nan; nan; nan; nan; Kart. U 8698<a>; 1:KTA; nan
172550233X; 3729164171; 1899; Neue Handkarte von Palaestina; Kiepert, Heinrich *1818-1899* ; ID: gnd/116168862; Berlin : Verlag von Dietrich Reimer; 1 Karte; nan; nan; nan; nan; nan; Kart. U 8698; 1:KTA; nan
307070654; 893062006; 1899; Archäologische Karte von Kleinasien; nan; Halle : Sternkopf; 1 Kt.; nan; nan; nan; nan; nan; 4'@Kart. U 7470; 1:KTA; nan
307070654; 893062014; 1899; Archäologische Karte von Kleinasien; nan; Halle : Sternkopf; 1 Kt.; nan; nan; nan; nan; nan; 4'@Kart. U 7470<a>; 1:KTA; nan
14214522X; 66173014X; 1898; Historical Atlas of the Chinese Empire : from the earliest times down to the present or Great Ching dynasty, giving the names of the chief towns and the metropolis of each of the chief dynasties of China; nan; London : The Royal Geographical Society; 1 Atlas (45 Blätter); nan; nan; nan; nan; nan; 4'@Kart. U 9813<2>; 1:KTA; nan
1749044684; 3868355189; 1897; Lesbos Insula cum indicatione locorum, in quibus reperti sunt tituli Graeci; nan; Berolini : Georg Reimer; 1 Karte; nan; nan; nan; nan; nan; Kart. U 9950; 1:KTA; nan
1749044684; 3868355200; 1897; Lesbos Insula cum indicatione locorum, in quibus reperti sunt tituli Graeci; nan; Berolini : Georg Reimer; 1 Karte; nan; nan; nan; nan; nan; Kart. U 9950<a>; 1:KTA; nan
1048651177; 1847761739; 1897; Carte Mosaique decouverte à Madaba; nan; Paris : Victor Lecoffre; 1 Karte; nan; nan; nan; nan; nan; Kart. U 8106; 1:KTA; nan
592503798; 1847182631; 1897; La carte mosaïque de Madaba : découverte importante, 1897; Germer-Durand, Eugène *1812-1880* ; ID: gnd/1055288023; Paris : Maison de la bonne presse; [2,6] Bl.; nan; nan; nan; nan; nan; 4'@Kart. U 8105; 1:KTA; nan
173590743X; 3781248607; 1896; Wandkarte von Palästina zur Biblischen Geschichte; nan; Leipzig : Wagner & Debes; 1 Karte auf 6 Blättern; nan; nan; nan; nan; nan; Kart. U 8716; 1:KTA; nan
1788469321; 4050827875; 1895; Primo atlante biblico italiano; nan; Firenze : Claudiana; [8] c. geogr; nan; nan; nan; nan; nan; 4'@Kart. U 7094; 1:KTA; nan
1738032604; 3793088359; 1895; Conspectus civitatum quae in titulis Rhodiis nominantur; nan; Berlin : G. Reimer; 1 Karte; nan; nan; nan; nan; nan; Kart. U 9960; 1:KTA; nan
168166674X; 3539131191; 1895; Ancient India of the Valmikian Age; Das, Nobin Chandra; Calcutta : New School Book Press; 1 Karte; nan; nan; nan; nan; nan; Kart. U 9914; 1:KTA; nan
374930740; 688914578; 1895; Bibel-Atlas : in zehn Karten ; nebst geographischem Index; nan; Freiburg im Breisgau [u.a.] : Herder; 1 Atlas (10 Blätter); nan; nan; nan; nan; ark_2022-12-13; 4'@Kart. U 7081<3>; 1:KTA; nan
1747712051; 3849687376; 1893; Map to illustrate the Siamese Question : showing the present limits of French claims and the additional territory now demanded; nan; Edinburgh : W. & A.K. Johnston; 1 Karte; nan; nan; nan; nan; nan; Kart. U 9814; 1:KTA; nan
1742377459; 3820988599; 1893; Rhodus insule; nan; Berolini : Georg Reimer; 1 Karte; nan; nan; nan; nan; nan; Kart. U 9959; 1:KTA; nan
378835785; 634786679; 1892; Palesztina a bibliai események szinhelye; nan; Budapest : Hölzel & Társa [u.a.]; 1 Kt.; nan; nan; nan; nan; nan; Kart. U 8714; 1:KTA; nan
35467286X; 1627159770; 1892; Bibel-Atlas zum Schul- und Privatgebrauche : mit 8 lithographierten Tafeln in Farbendruck; Braselmann, J. E.; Düsseldorf : Verlag von Hermann Michels; 20 S.; 11.49$jBibel: Sonstiges; 104394285: Geografie ; ID: gnd/4020216-1; 106377604: Bibel ; ID: gnd/4006406-2; 104131446: Theologie ; ID: gnd/4059758-1; 104675314: Exegese ; ID: gnd/4015950-4; 105667005: Bibelwissenschaft ; ID: gnd/4135180-0; nan; nan; ark_2022-12-13; 8'@Kart. U 7077<16>; 1:KTA; nan
1725502119; 3729163809; 1891; Neue Handkarte von Palaestina; Kiepert, Heinrich *1818-1899* ; ID: gnd/116168862; Berlin : Verlag von Dietrich Reimer; 1 Karte; nan; nan; nan; nan; nan; Kart. U 8697; 1:KTA; nan
1779081928; 4007645639; 1890; Atlas der biblischen Länder : für Volks- und Mittelschulen; nan; Hof : Büching; 1 Atlas (4 Blätter); nan; nan; nan; nan; nan; 8'@Kart. U 7085; 1:KTA; nan
1779081928; 4302433124; 1890; Atlas der biblischen Länder : für Volks- und Mittelschulen; nan; Hof : Büching; 1 Atlas (4 Blätter); nan; nan; nan; nan; nan; 8'@Kart. U 7085<a>; 1:KTA; nan
1741703085; 3815989779; 1890; Das Neu-Assyrischen Reich 745-607 v. Chr.; nan; Berlin : H. Reuther; 1 Karte; nan; nan; nan; nan; nan; Kart. U 6923; 1:KTA; nan
1741702917; 3815989329; 1889; Das Alt-Assyrischen Reich bis 745 v. Chr.; nan; Berlin : H. Reuther; 1 Karte; nan; nan; nan; nan; nan; Kart. U 6922; 1:KTA; nan
412844281; 450640809; 1888; Historical atlas of the Chinese empire : from the earliest times down to the close of the Ming dynasty, giving in chinese the names of the chief towns and the metropolis of each of the chief dynasties of China ; a brief description in english is also printed on each map; nan; Shanghai : Kelly & Walsh, Limited, Printers and Lithographers, The Bund; 22 Kt.; nan; nan; nan; nan; nan; 4'@Kart. U 9811; 1:KTA; nan
1788487702; 405103092X; 1887; Map of Palestine : Canaan, or the Holy Land; Wood, Frances Hariott; London : Swan Sonnenschein & Co; 1 Karte; nan; nan; nan; nan; nan; Kart. U 8710; 1:KTA; nan
1741856825; 3816550142; 1887; Lykia; nan; [Wien]; 1 Karte; nan; nan; nan; nan; nan; Kart. U 7639<a>; 4:KTA; nan
1727802047; 3742922637; 1887; Die Lage des alten Kolophon; nan; [Berlin]; 1 Karte; nan; nan; nan; nan; nan; 4'@Kart. U 7622; 1:KTA; nan
236004786; 1534353372; 1887; Cartes du Delta du Danube et plans comparatifs de l'embouchure et des sections fluviales du bras de Soulina : indiquant les derniers travaux qui y ont été; nan; Leipzig : Brockhaus; 78 Taf.; nan; nan; nan; nan; nan; 2'@Kart. U 8764; 1:KTA; nan
236004786; 1534353380; 1887; Cartes du Delta du Danube et plans comparatifs de l'embouchure et des sections fluviales du bras de Soulina : indiquant les derniers travaux qui y ont été; nan; Leipzig : Brockhaus; 78 Taf.; nan; nan; nan; nan; nan; 2'@Kart. U 8764<a>; 1:KTA; nan
140562931; 3729157922; 1887; Geschichte der Lykier; Treuber, Oskar *1847-1902* ; ID: gnd/101236786X; Stuttgart : Kohlhammer; VII, 247 S.; nan; nan; nan; nan; nan; 8'@Kart. U 7639; 1:KTA; nan
178783591X; 4048463829; 1886; Handbook to the Pictorial Map of Palestine, with explanation of signs, and sketch lessons; Wood, Frances Hariott; London : Church of England Sunday School Institute; 64 pages; nan; nan; nan; nan; nan; 8'@Kart. U 8710<4>; 1:KTA; nan
778414345; 1457584611; 1886; Schul-Atlas zur biblischen Geschichte; nan; Essen : Baedeker; 24 S., 6 Kt.; nan; nan; nan; nan; ark_2022-12-19; 8'@Kart. U 7079<42>; 1:KTA; nan
354672754; 1627160043; 1886; Bibel-Atlas zum Schul- und Privatgebrauche : mit 8 lithographierten Tafeln in Farbendruck; Braselmann, J. E.; Düsseldorf : Verlag von Hermann Michels; 26 S.; 11.49$jBibel: Sonstiges; 104394285: Geografie ; ID: gnd/4020216-1; 106377604: Bibel ; ID: gnd/4006406-2; 104131446: Theologie ; ID: gnd/4059758-1; 104675314: Exegese ; ID: gnd/4015950-4; 105667005: Bibelwissenschaft ; ID: gnd/4135180-0; nan; nan; ark_2022-12-13; 8'@Kart. U 7077<15>; 1:KTA; nan
1778248500; 4004694701; 1885; Surveys of ancient Babylon and the surrounding ruins with part of the rivers Tigris and Euphrates the Hindiyeh canal and the sea of Nejf & the Shat Atshar; nan; London : W.H. Allen & Co.; 1 map on 6 sheets; nan; nan; nan; nan; nan; Kart. U 7958; 1:KTA; nan
1778248500; 4005235409; 1885; Surveys of ancient Babylon and the surrounding ruins with part of the rivers Tigris and Euphrates the Hindiyeh canal and the sea of Nejf & the Shat Atshar; nan; London : W.H. Allen & Co.; 1 map on 6 sheets; nan; nan; nan; nan; nan; Kart. U 7958<a>; 1:KTA; nan
1725491117; 3729142313; 1885; [Mesopotamien]; Kiepert, Heinrich *1818-1899* ; ID: gnd/116168862; nan; 1 Karte; nan; nan; nan; nan; nan; Kart. U 7883; 1:KTA; nan
1024157687; 1775660524; 1885; [Plan von Kelainai-Apamea-Kibotos (jetzt Dineir) in Phrygien]; nan; Berlin; 1 Karte; nan; nan; nan; nan; nan; Kart. U 7611; 1:KTA; nan
1024156745; 1775658678; 1885; [Plan von Kelainai-Apamea-Kibotos (jetzt Dineir) in Phrygien]; nan; Berlin; 1 Karte; nan; nan; nan; nan; nan; Kart. U 7610; 1:KTA; nan
1024156745; 1775659003; 1885; [Plan von Kelainai-Apamea-Kibotos (jetzt Dineir) in Phrygien]; nan; Berlin; 1 Karte; nan; nan; nan; nan; nan; Kart. U 7610<a>; 1:KTA; nan
1024156745; 1775659372; 1885; [Plan von Kelainai-Apamea-Kibotos (jetzt Dineir) in Phrygien]; nan; Berlin; 1 Karte; nan; nan; nan; nan; nan; Kart. U 7610<b>; 1:KTA; nan
1748137301; 3851604210; 1883; Ruinenfelder der Umgegend von Babylon : nach den von ...Selby, Bewsher und Collingwood 1861 -65 ausgeführten und 1871 zum Theil publicirten Aufnahmen; Kiepert, Richard *1846-1915* ; ID: gnd/116168919; Berlin : Dietrich Reimer; 1 Karte; nan; nan; nan; nan; nan; Kart. U 7955; 1:KTA; nan
1725501961; 3729163531; 1883; Neue Handkarte von Palaestina; Kiepert, Heinrich *1818-1899* ; ID: gnd/116168862; Berlin : Verlag von Dietrich Reimer; 1 Karte; nan; nan; nan; nan; nan; Kart. U 8696; 1:KTA; nan
1696157323; 3637033836; 1883; Nachtrag zu H[einrich] Kiepert's Karte der Ruinenfelder von Babylon; nan; [Berlin]; 1 Band (2 Blätter); nan; nan; nan; nan; nan; 8'@Kart. U 7956; 1:KTA; nan
1023832321; 1774065967; 1883; Das Pontisch-Galatische Grenzgebiet; nan; [Berlin] : Reichsdruckerei; 1 Karte; nan; nan; nan; nan; nan; 4'@Kart. U 7585; 1:KTA; nan
1008614041; 1729552323; 1883; Palästina zur Zeit Jesu Christi; Algermissen, Johann Ludwig *1847-1927* ; ID: gnd/1035260026; Metz : Lang; 1 Karte; nan; nan; nan; nan; nan; Kart. U 9066; 1:KTA; nan
04037629X; 893059587; 1883; Begleitworte zur Karte der Ruinenfelder von Babylon; Kiepert, Heinrich *1818-1899* ; ID: gnd/116168862; Berlin : D. Reimer; 28 S.; nan; nan; nan; nan; nan; 8'@Kart. U 7955<a>; 1:KTA; nan
04037629X; 3851604466; 1883; Begleitworte zur Karte der Ruinenfelder von Babylon; Kiepert, Heinrich *1818-1899* ; ID: gnd/116168862; Berlin : D. Reimer; 28 S.; nan; nan; nan; nan; nan; 8'@Kart. U 7955<b>; 1:KTA; nan
1756037639; 3918301168; 1882; Ruinen von Pteria; nan; [Berlin] : C. Ohmann; 1 Karte; nan; nan; nan; nan; nan; Kart. U 7741; 1:KTA; nan
1756037256; 391830051X; 1882; Ruinen von Pteria; nan; nan; 1 Karte; nan; nan; nan; nan; nan; Kart. U 7740; 1:KTA; nan
1726738760; 373794542X; 1882; Übersichtskarte zu E. Schrader: Keilinschriften und Altes Testament; nan; Giessen : J. Ricker; 1 Karte; nan; nan; nan; nan; nan; Kart. U 8020/1; 1:KTA; nan
1726738515; 3737944792; 1882; Übersichtskarte zu E. Schrader: Keilinschriften und Altes Testament; nan; Berlin : L. Kraatz; 1 Karte; nan; nan; nan; nan; nan; Kart. U 8020; 1:KTA; nan
474421058; 68891652X; 1882; Die Länder der Heiligen Schrifts : Histor.-geographischer Bibel-Atlas als Hilfsmittel zum Verständniss der h. Schrift ... Nach den besten ... Hilfsquellen dargestellt in 7 Karten; nan; Freiburg i. Br. : Herder; 1 Atlas (7 Blätter); nan; nan; nan; nan; ark_2022-12-18; 4'@Kart. U 7081; 1:KTA; nan
474421058; 1201583470; 1882; Die Länder der Heiligen Schrifts : Histor.-geographischer Bibel-Atlas als Hilfsmittel zum Verständniss der h. Schrift ... Nach den besten ... Hilfsquellen dargestellt in 7 Karten; nan; Freiburg i. Br. : Herder; 1 Atlas (7 Blätter); nan; nan; nan; nan; nan; 4'@Kart. U 7081/1; 1:KTA; nan
1727794109; 3742870114; 1881; Handelsstrasse vom Mittelmeer nach Persien nach Francesco Balducci Pelotti (ca. 1340); nan; Berlin; 1 Karte; nan; nan; nan; nan; nan; 8'@Kart. U 6860; 1:KTA; nan
1727649869; 3742279769; 1881; Skizze der italienischen Handelsstraße vom Mittelmeer nach Persien : nach dem Itinerar bei Francesco Balducci Pegolotti (practica della mercatura 1340) : Vortrag Heinrich Kiepert's über 'Pegolotti's vorderasiatisches Itinerar : Sitzung d. Berliner Akademie, Phil. histor. Klasse 20. Oktober 1881; nan; nan; 1 Karte; nan; nan; nan; nan; nan; Kart. U 6859; 1:KTA; nan
354672037; 573548358; 1881; Bibel-Atlas zum Schul- und Privatgebrauche : mit 8 lithographierten Taf. in Ferbendruck; Braselmann, J. E.; Düsseldorf; 24 S.; nan; nan; nan; nan; ark_2022-12-13; 8'@Kart. U 7077<14>; 1:KTA; nan
1787285146; 4045597174; 1880; Karte zum Vortrage über die Erschließung von China : gestochen J. Sulzer; nan; Berlin : Reimer; 1 Karte; nan; nan; nan; nan; nan; Kart. U 9785; 1:KTA; nan
1727515668; 3741304727; 1880; Syria; Kiepert, Heinrich *1818-1899* ; ID: gnd/116168862; nan; 1 Karte; nan; nan; nan; nan; nan; Kart. U 9060; 1:KTA; nan
1726609812; 3736183607; 1880; Übersichtskarte der vom Russischen Generalstabe aufgenommenen oder reconoscirten Territorien in Nord-Armenien : (reducirt auf 1:800 000 nach den unter Leitung des Gen. Stabnitzki ausgeführten Originalkarten im Maßstabe 1:210 000) und Ergebnisse daraus für historische Geographie; nan; nan; 1 Karte; nan; nan; nan; nan; nan; Kart. U 7881; 1:KTA; nan
172446101X; 3723907806; 1880; [Armenien]; Kiepert, Heinrich *1818-1899* ; ID: gnd/116168862; nan; 1 Karte; nan; nan; nan; nan; nan; Kart. U 7880; 1:KTA; nan
1687598401; 3576074880; 1880; Map to illustrate the classical scriptural geography of Arabia by Charles Forster; nan; [S.l.]; 1 Karte; nan; nan; nan; nan; nan; Kart. U 9528; 1:KTA; nan
1800880308; 4129217429; 1879; Reiseroute im Lande Moab; Schick, Conrad; Leipzig : K. Bädeker; 1 Karte; nan; nan; nan; nan; nan; Kart. U 9280; 1:KTA; nan
1800880308; 4129217437; 1879; Reiseroute im Lande Moab; Schick, Conrad; Leipzig : K. Bädeker; 1 Karte; nan; nan; nan; nan; nan; 8'@Kart. U 9280<a>; 1:KTA; nan
1692434543; 3607543194; 1879; Fundkarte von Kypros : Küstenumriss und Terrain nach H. Kieperts new original map of the island of Cyprus, Berlin, Reimer 1878; nan; [S.l.]; 1 Karte; nan; nan; nan; nan; nan; Kart. U 7865; 1:KTA; nan
102298893X; 3815979951; 1879; Vorläufiger Bericht über eine Reise im südwestlichen Kleinasien : III; Hirschfeld, Gustav *1847-1895* ; ID: gnd/101160097; Berlin; Berlin : Berlin-Brandenburgische Akademie der Wissenschaften; nan; 15.15$jArchäologie; 74.05$jReisebeschreibungen$jGeschichte des Reisens; 104329041: Anatolien$zSüdwest ; ID: gnd/4283931-2; 104459425: Archäologie ; ID: gnd/4002827-6; 104189037: Reisebericht ; ID: gnd/4076645-7; nan; nan; nan; 8'@Kart. U 7467; 1:KTA; nan
140719407; 3736183992; 1878; Keilinschriften und Geschichtsforschung : ein Beitrag zur monumentalen Geographie, Geschichte und Chronologie der Assyrer; Schrader, Eberhard *1836-1908* ; ID: gnd/117024074; Giessen : Ricker; VIII, 555 S; nan; nan; nan; nan; ark_2023-01-03; 8'@Kart. U 8016; 1:KTA; nan
140719407; 3736184727; 1878; Keilinschriften und Geschichtsforschung : ein Beitrag zur monumentalen Geographie, Geschichte und Chronologie der Assyrer; Schrader, Eberhard *1836-1908* ; ID: gnd/117024074; Giessen : Ricker; VIII, 555 S; nan; nan; nan; nan; nan; Kart. U 8016<a>; 1:KTA; nan
140719407; 3736184735; 1878; Keilinschriften und Geschichtsforschung : ein Beitrag zur monumentalen Geographie, Geschichte und Chronologie der Assyrer; Schrader, Eberhard *1836-1908* ; ID: gnd/117024074; Giessen : Ricker; VIII, 555 S; nan; nan; nan; nan; nan; Kart. U 8016<b>; 1:KTA; nan
1725481669; 3729123122; 1877; Palästina oder Kanaan zur Zeit des Israelitischen Reiches; nan; Weimar : Geographisches Institut; 1 Karte; nan; nan; nan; nan; nan; Kart. U 8887; 1:KTA; nan
1738273733; 3794149270; 1876; Atlas zur Biblischen Geschichte zum Gebrauch in Gymnasien, Real- und Bürgerschulen; nan; Gera : Issleib & Rietschel; 1 Atlas (VIII Seiten); nan; nan; nan; nan; nan; 4'@Kart. U 7080/5; 1:KTA; nan
1031299068; 3729162918; 1875; Neue Handkarte von Palaestina; Kiepert, Heinrich *1818-1899* ; ID: gnd/116168862; Berlin : Verlag von Dietrich Reimer; 1 Karte; nan; nan; nan; nan; nan; Kart. U 8694; 1:KTA; nan
1031299068; 3729162926; 1875; Neue Handkarte von Palaestina; Kiepert, Heinrich *1818-1899* ; ID: gnd/116168862; Berlin : Verlag von Dietrich Reimer; 1 Karte; nan; nan; nan; nan; nan; Kart. U 8694<a>; 1:KTA; nan
1757266801; 3924481881; 1874; Asia Minor; nan; London : John Murray; 1 Karte; nan; nan; Revision IIIC 2023; nan; nan; Kart. U 7460; 4:KTA; nan
1191260925; 3594715302; 1874; H. Kiepert's Neue Wandkarte Von Palaestina; nan; Berlin : Reimer; 1 Kt.; nan; 106205765: Palästina ; ID: gnd/4044381-4; nan; nan; nan; Kart. U 8690; 1:KTA; nan
1191260925; 3594715329; 1874; H. Kiepert's Neue Wandkarte Von Palaestina; nan; Berlin : Reimer; 1 Kt.; nan; 106205765: Palästina ; ID: gnd/4044381-4; nan; nan; nan; 4'@Kart. U 8690; 1:KTA; nan
1191260925; 3733517288; 1874; H. Kiepert's Neue Wandkarte Von Palaestina; nan; Berlin : Reimer; 1 Kt.; nan; 106205765: Palästina ; ID: gnd/4044381-4; nan; nan; nan; Kart. U 8690/1; 1:KTA; nan
344853381; 1846816211; 1874; Palaestina ex veteris aevi monumentis ac recentiorum observationibus illustravit; Bruyn, Marinus Didericus$cde *1809-1881* ; ID: gnd/115829318; Trajecti ad Rhenum : Kemink et Filium; 1 Kt; nan; nan; nan; nan; nan; Kart. U 8603; 1:KTA; nan
344853381; 184681622X; 1874; Palaestina ex veteris aevi monumentis ac recentiorum observationibus illustravit; Bruyn, Marinus Didericus$cde *1809-1881* ; ID: gnd/115829318; Trajecti ad Rhenum : Kemink et Filium; 1 Kt; nan; nan; nan; nan; nan; 8'@Kart. U 8603; 1:KTA; nan
144446936; 3819116354; 1874; Baḥrein und Jemâma : nach arabischen Geographen beschrieben; Wüstenfeld, Ferdinand *1808-1899* ; ID: gnd/100836526; Göttingen : Dieterichsche Buchhandlung; 50 S.; 74.07$jHistorische Geographie; 106386719: Bahrain ; ID: gnd/4004268-6; 234604883: Saudi-Arabien$zOst ; ID: gnd/4470218-8; nan; nan; nan; 4'@Kart. U 9550; 1:KTA; nan
1726070085; 3735188672; 1873; [Karte zur Erläuterung der Unstersuchung über die Lage der armenischen Hauptstadt Tigranokerta]; Kiepert, Heinrich *1818-1899* ; ID: gnd/116168862; nan; 1 Karte; nan; nan; nan; nan; nan; Kart. U 7903; 1:KTA; nan
1724374486; 372337428X; 1873; Südwestliches Armenien : zur Übersicht der nach Tigranokerta führenden Strassen; nan; Berlin : Druck der lithogr. Anstalt von W. Greve; 1 Karte; nan; nan; nan; nan; nan; Kart. U 7900; 1:KTA; nan
1724374486; 3723374298; 1873; Südwestliches Armenien : zur Übersicht der nach Tigranokerta führenden Strassen; nan; Berlin : Druck der lithogr. Anstalt von W. Greve; 1 Karte; nan; nan; nan; nan; nan; Kart. U 7901; 1:KTA; nan
1663464944; 3452925765; 1873; The Places mentioned in the Acts and the Epistles : by the Rev. S. Clark ; published under the direction of the Committee of General Literature and Education appointed by the Society for Promoting Christian Knowledge and of the National Society; Clark, Samuel *1810-1875* ; ID: gnd/1055680403; London : Edward Stanford; 1 Karte; nan; nan; nan; nan; nan; Kart. U 8669; 1:KTA; nan
166346362X; 3452923207; 1873; The Holy Land : to illustrate the Old Testament; Clark, Samuel *1810-1875* ; ID: gnd/1055680403; London : Stanford; 1 Karte; nan; nan; nan; nan; nan; Kart. U 8664; 1:KTA; nan
1663463484; 3452923037; 1873; The Holy Land : to illustrate the New Testament; Clark, Samuel *1810-1875* ; ID: gnd/1055680403; London : Stanford; 1 Karte; nan; nan; nan; nan; nan; Kart. U 8666; 1:KTA; nan
31212595X; 893060054; 1873; Über die Lage der armenischen Hauptstadt Tigranokerta; Kiepert, Heinrich *1818-1899* ; ID: gnd/116168862; Berlin : Vogt; S. 165 - 210; nan; nan; nan; nan; nan; 8'@Kart. U 7902; 1:KTA; nan
14447249X; 3819116370; 1873; Das Gebiet von Medina : mit einer Karte; Wüstenfeld, Ferdinand *1808-1899* ; ID: gnd/100836526; Göttingen : Dieterich; 86 S; 74.21$jAsien$XGeographie; 665205414: Medina$zRegion ; ID: gnd/7754202-2; nan; nan; nan; 4'@Kart. U 9550; 1:KTA; nan
132086032X; 373351713X; 1872; Wandkarte zur Erläuterung der biblischen Erdkunde Alten und Neuen Testaments; Kiepert, Heinrich *1818-1899* ; ID: gnd/116168862; Berlin : Reimer; 1 Kt. auf 4 Bl.; nan; nan; Revision IIIC 2023; nan; nan; Kart. U 7256; 4:KTA; nan
481898131; 3589490225; 1872; Biblische Geographie : vollständiges biblisch-geographisches Verzeichnis ; als Wegweiser zum erläuternden Verständnis der Heiligen Schriften Alten und Neuen Testaments ; unter Zugrundelegung des biblischen Textes, besonderer Berücksichtigung der Vulgata und mit Bezug auf die für biblische Geographie wichtigen Schriftsteller des Alterthums; nan; Freiburg im Breisgau [u.a.] : Herder; 99 S; nan; nan; nan; nan; nan; 2'@Kart. U 7080/1; 1:KTA; nan
1778249094; 4004696356; 1871; To ... this Plan of the supposed ruins of Babylon; Selby, William Beaumont ; ID: gnd/129012297; [London] : J. & C. Walker; 1 Karte; nan; nan; nan; nan; nan; Kart. U 7954; 1:KTA; nan
144446928; 3815921686; 1871; Die Strasse von Baçra nach Mekka mit der Landschaft Dharîja; Wüstenfeld, Ferdinand *1808-1899* ; ID: gnd/100836526; Göttingen : Dieterichsche Buchhandlung; 45 S.; nan; nan; nan; nan; nan; 4'@Kart. U 9550; 1:KTA; nan
1778373828; 4005063780; 1870; Die Länder der Heiligen Schrift; nan; Gera : Issleib & Rietzschel; 1 Karte auf 6 Blättern; nan; nan; nan; nan; nan; Kart. U 7250; 1:KTA!; nan
1776204786; 3999134488; 1870; Schul-Handkarte zur biblischen Geschichte; nan; Berlin : Wruck; 1 Karte; nan; nan; nan; nan; nan; Kart. U 8660; 1:KTA; nan
1761881418; 3944871502; 1870; Palästina nach der Verteilung unter die 12 Stämme zum Gebrauche für jede jüdische Lehranstalt eingerichtet; nan; Pressburg; 1 Karte auf 4 Blättern; nan; nan; nan; nan; nan; Kart. U 8656; 1:KTA; nan
1761639226; 3942682249; 1870; Karte von Palaestina; nan; Berlin : [Kartographisches Institut v. F. von Rappard]; 1 Karte; nan; nan; nan; nan; nan; Kart. U 8650<1870>; 1:KTA; nan
1725985063; 3733533380; 1870; [Vorderindien mit Angabe der Reisen des Niccolo Conti 1422, A. Nikittin 1468 und Abd er Razzak]; nan; nan; 1 Karte; nan; nan; nan; nan; nan; Kart. U 9912; 1:KTA; nan
1694948706; 3626965090; 1870; Palästina als Schauplatz der heiligen Geschichte; Kozenn, Blasius *1821-1871* ; ID: gnd/128761652; Wien : Eduard Hölzel; 1 Karte auf 4 Blättern; nan; nan; nan; nan; nan; Kart. U 8654; 1:KTA; nan
882238388; 167252864X; 1870; Skizze der Gegend zwischen Trapezunt und Baiburt zur Erläuterung des Zuges der Zehntausend Griechen; Borit, P.; Berlin : D. Reimer; 1 Karte; nan; nan; nan; nan; nan; Kart. U 7760/1; 1:KTA; nan
882043897; 1671655648; 1870; Skizze der Gegend zwischen Trapezunt und Baiburt zur Erläuterung des Zuges der Zehntausend Griechen; Borit, P.; Berlin : D. Reimer; 1 Karte; nan; nan; nan; nan; nan; Kart. U 7760; 1:KTA; nan
361478267; 594950171; 1870; Bibel-Atlas in 8 lithogr. u. colorirten Karten u. 7 Tafeln ... : nebst einem biblisch-geographischen Register; Dächsel, August *1818-1901* ; ID: gnd/128302828; Breslau : Dülfer; 24 S.; nan; nan; nan; nan; ark_2022-12-13; 4'@Kart. U 7092; 1:KTA; nan
34485292X; 1846816319; 1870; Prolegomena ad tabulam geographicam Palaestinae quam novis curis emendatam : ines disquisitio de situ Taricheae; Bruyn, Marinus Didericus$cde *1809-1881* ; ID: gnd/115829318; Trajecti ad Rhenum : Kemink & Filium; 16 S; nan; nan; nan; nan; nan; 4'@Kart. U 8603; 1:KTA; nan
1761639110; 3942682079; 1869; Karte von Palaestina; nan; Berlin : [Kartographisches Institut v. F. von Rappard]; 1 Karte; nan; nan; nan; nan; nan; Kart. U 8650; 1:KTA; nan
1761637444; 3942677105; 1869; Karte von Palaestina; nan; Berlin : [Kartographisches Institut v. F. von Rappard]; 1 Karte; nan; nan; nan; nan; nan; Kart. U 8652; 1:KTA; nan
1761637444; 4302520515; 1869; Karte von Palaestina; nan; Berlin : [Kartographisches Institut v. F. von Rappard]; 1 Karte; nan; nan; nan; nan; nan; Kart. U 8652/1; 1:KTA; nan
383795435; 641059604; 1869; Atlas d'histoire ancienne de l'Orient antérieurement aux guerrer médiques; Lenormant, François *1837-1883* ; ID: gnd/116909501; Paris : Maisonneuve; 24 Bl.; nan; nan; nan; nan; nan; 4'@Kart. U 6800; 1:KTA; nan
377363162; 893060194; 1869; Über älteste Landes- und Volksgeschichte von Armenien; Kiepert, Heinrich *1818-1899* ; ID: gnd/116168862; Berlin; S. 216-243, mit 1 Karte; nan; nan; nan; nan; nan; 8'@Kart. U 7878; 1:KTA; nan
1751844463; 3891056869; 1868; Versuch einer Construction der Karte von Galilaea; nan; Leipzig : Otto Wigand; 1 Karte; nan; nan; nan; nan; nan; Kart. U 9220; 1:KTA; nan
143625381; 648527611; 1868; Bibelatlas in 8 Blättern; Menke, Theodor *1819-1892* ; ID: gnd/116882093; Gotha : J. Perthes; 8 Bl.; nan; nan; nan; nan; ark_2022-12-11; 2'@Kart. U 7090; 1:KTA; nan
1777305934; 4001718103; 1866; Trigonometrical survey of a part of Mesopotamia : from Sheriat el Beytha to Tel Ibrahim with the rivers Euphrates and Tigris; Selby, William Beaumont ; ID: gnd/129012297; [London] : J. & C. Walker; 1 map; nan; nan; nan; nan; nan; Kart. U 8006; 1:KTA; nan
38248309X; 640025978; 1865; Schul-Atlas zur biblischen Geschichte; nan; Essen : Bädeker; 24 S., 6 Kt.; nan; nan; nan; nan; ark_2022-12-13; 8'@Kart. U 7079<2>; 1:KTA; nan
38248309X; 1457599929; 1865; Schul-Atlas zur biblischen Geschichte; nan; Essen : Bädeker; 24 S., 6 Kt.; nan; nan; nan; nan; nan; 8'@Kart. U 7079<2;a>; 1:KTA; nan
1845917766; 4324471649; 1864; Karte von Palaestina : für Schulen; Kiepert, Heinrich *1818-1899* ; ID: gnd/116168862; Berlin : DietrichReimer; 1 Karte; nan; nan; nan; nan; nan; Kart. U 8630<2;a>; 1:KTA; nan
1725065614; 372545521X; 1864; Karte von Palaestina : für Schulen; Kiepert, Heinrich *1818-1899* ; ID: gnd/116168862; Berlin : DietrichReimer; 1 Karte; nan; nan; nan; nan; nan; Kart. U 8630<2>; 1:KTA; nan
474420914; 68891621X; 1864; Die Länder der Heiligen Schrift : Histor.-geographischer Bibel-Atlas als Hilfsmittel zum Verständniss der h. Schrift ... nach den besten ... Hilfsquellen dargestellt in 7 Karten; nan; Freiburg i. Br. : Herder; 1 Atlas (7 Blätter); nan; nan; nan; nan; ark_2022-12-18; 4'@Kart. U 7080; 1:KTA; nan
1725976730; 3733516532; 1863; Beitrag zur inschriftlichen Topographie Klein-Asiens; Kiepert, Heinrich *1818-1899* ; ID: gnd/116168862; Berlin; nan; nan; nan; nan; nan; nan; 8'@Kart. U 7646; 1:KTA; nan
1725976730; 3733516540; 1863; Beitrag zur inschriftlichen Topographie Klein-Asiens; Kiepert, Heinrich *1818-1899* ; ID: gnd/116168862; Berlin; nan; nan; nan; nan; nan; nan; Kart. U 7646/1; 1:KTA; nan
1677049073; 3515914862; 1862; Trigonometrical survey of a part of Mesopotamia from Hillah to the ruins of Niffer with the rivers Euphrates and Tigris; Collingwood, W.; [London] : J. & C. Walker; 1 map; nan; nan; nan; nan; nan; Kart. U 8000; 1:KTA; nan
1479991023; 4115931965; 1860; Palästina; nan; Gotha : Perthes; 1 Kt.; nan; nan; nan; nan; nan; Kart. U 8636; 1:KTA; nan
1040617336; 182602770X; 1860; J.E. Braselmann's Bibel-Atlas : zum Schul- und Privatgebrauch; Braselmann, Julius Eduard *1810-1872* ; ID: gnd/1101605642; [Düsseldorf?]; 1 Atlas (14, 8 Seiten); nan; nan; nan; nan; nan; 8'@Kart. U 7077<3>; 1:KTA; nan
377358916; 631561765; 1859; Bibel-Atlas nach den neuesten u. besten Hülfsquellen : mit 7 vergrösserten durchweg neu gestochenen Karten und Plänen; Kiepert, Heinrich *1818-1899* ; ID: gnd/116168862; Berlin : Lithogr. Anstalt W. Loeillot; 6 S., 7 Kt.; nan; nan; nan; nan; ark_2022-12-13; 4'@Kart. U 7071<2>; 1:KTA; nan
377358916; 1627162046; 1859; Bibel-Atlas nach den neuesten u. besten Hülfsquellen : mit 7 vergrösserten durchweg neu gestochenen Karten und Plänen; Kiepert, Heinrich *1818-1899* ; ID: gnd/116168862; Berlin : Lithogr. Anstalt W. Loeillot; 6 S., 7 Kt.; nan; nan; nan; nan; nan; 4'@Kart. U 7071<2;a>; 1:KTA; nan
1777226937; 4001424835; 1858; L' Asie au temps de la plus grande étendue de las domination des Mongols sous la règne de Koubilaï-Khan (1260-1294); nan; Strasbourg : E. Simon; 1 Karte; nan; nan; nan; nan; nan; Kart.U 6630; 1:KTA; nan
377358304; 3819154124; 1858; Bibel-Atlas nach den neuesten und besten Hülfsquellen gezeichnet : mit Erläuterungen, die sich an das Liscosche Bibelwerk anschließen und einem biblisch-geographischen Register; Kiepert, Heinrich *1818-1899* ; ID: gnd/116168862; Berlin : Müller; 12, 24 S.; nan; nan; nan; nan; nan; 8'@Kart. U 7070<3;a>; 1:KTA; nan
377358304; 4302432756; 1858; Bibel-Atlas nach den neuesten und besten Hülfsquellen gezeichnet : mit Erläuterungen, die sich an das Liscosche Bibelwerk anschließen und einem biblisch-geographischen Register; Kiepert, Heinrich *1818-1899* ; ID: gnd/116168862; Berlin : Müller; 12, 24 S.; nan; nan; nan; nan; nan; 8'@Kart. U 7070<3;b>; 1:KTA; nan
1845916913; 4324469652; 1857; Karte von Palaestina : für Schulen; Kiepert, Heinrich *1818-1899* ; ID: gnd/116168862; Berlin : DietrichReimer; 1 Karte; nan; nan; nan; nan; nan; Kart. U 8630; 1:KTA; nan
1810603285; 416694567X; 1857; L'Asie Centrale et l'Inde au septième siècle de notre ère pour l'intelligence des voyages de Hiouen-Thsang : avec un mémoire analytique; nan; Paris : Erhard Schièble; 1 Kt.; nan; nan; nan; nan; nan; Kart. U 9911; 1:KTA; nan
1725065533; 3725455066; 1857; Karte von Palaestina : für Schulen; Kiepert, Heinrich *1818-1899* ; ID: gnd/116168862; Berlin : DietrichReimer; 1 Karte; nan; nan; nan; nan; nan; Kart. U 8630/1; 1:KTA; nan
135190096; 359471313X; 1857; Neuere biblische Forschungen in Palästina und in angrenzenden Ländern : Tagebuch einer Reise im Jahre 1852; Robinson, Edward *1794-1863* ; ID: gnd/11657772X; Berlin : Reimer; XXXIV, 854 S., [1] gef. Bl.; nan; nan; nan; nan; nan; 8'@Kart. U 8632; 1:KTA; nan
1742375928; 3820983805; 1856; Das Persische Reich unter Dareios und Heres : zur Erläuterung des I-IV. Buches des Herodotos : Ausgabe von Stein; nan; Berlin : Weidmann'sche Buchhdlg.; 1 Karte; nan; nan; nan; nan; nan; Kart. U 6977; 1:KTA; nan
1738867110; 3805703848; 1856; Die Ruinenfelder von Assyrien; nan; nan; 1 Karte; nan; nan; nan; nan; nan; Kart. U 7932; 1:KTA; nan
173886698X; 3805703554; 1856; Die Ruinenfelder von Assyrien : nach den im Frühjahr 1852 im Auftrage der Indischen Regierung von ...Felix Jones und ..J. M. Hyslop ausgeführten trignometrischen Aufnahmen : (publicirt Febr. 1855 im Maßstab 1:73 000) reducirt; nan; Berlin : D. Reimer; 3 Karten auf 1 Blatt; nan; nan; nan; nan; nan; Kart. U 7932; 1:KTA; nan
1738866858; 380570321X; 1856; Die Ruinenfelder von Assyrien : nach den im Frühjahr 1852 im Auftrage der Indischen Regierung von ...Felix Jones und ..J. M. Hyslop ausgeführten trignometrischen Aufnahmen : (publicirt Febr. 1855 im Maßstab 1:73 000) reducirt; nan; Berlin : D. Reimer; 3 Karten auf 1 Blatt; nan; nan; nan; nan; nan; Kart. U 7930; 1:KTA; nan
455065136; 3723367925; 1856; Über die geographische Anordnung der Namen arischer Landschaften im ersten Fargard des Vendidad; Kiepert, Heinrich *1818-1899* ; ID: gnd/116168862; [Berlin]; S. 621-647; nan; nan; nan; nan; nan; 8'@Kart. U 9650; 1:KTA; nan
1769670130; 3974820477; 1855; Asia Minor, Syria, Armenia, Mesopotamia, Assyria, Palestina; Renner, Ludwig ; ID: gnd/1157596592; Hildburghausen : Bibliographisches Institut; 1 Karte; nan; nan; nan; nan; nan; Kart. U 7443; 1:KTA; nan
174449987X; 3834731447; 1855; Cypern nach Mas Latrie 1855; nan; nan; 1 Karte; nan; nan; nan; nan; nan; Kart. U 7859; 1:KTA; nan
068402139; 3851602854; 1855; Being a map of the country included in the angle formed by the river Tigris & the upper Zab : shewing the disposition of the various ancient sites in the vicinity of Nineveh; Jones, James Felix *1813-1878* ; ID: gnd/1247240622; [London] : published by John Walker, geographer to the Honble. East India Company; 1 Karte; nan; nan; nan; nan; nan; Kart. U 7920-3; 1:KTA; nan
068402120; 3851602994; 1855; Shewing the positions and plan of the ancient cities of Nimrūd and Selamīyeh : the former identical with the Larissa of Xenophon perhaps the Calab of Genesis and the ... of the cuneiform inscriftions; Jones, James Felix *1813-1878* ; ID: gnd/1247240622; [London] : published by John Walker, geographer to the Honble. East India Company; 1 Karte; nan; nan; nan; nan; nan; Kart. U 7920-2; 1:KTA; nan
068402112; 3851606159; 1855; An ichnographic sketch of the remains of ancient Nineveh, with the enceinte of the modern Mosul, the Mūṣul of Arab M.S.S. and the Mespila of the Anabasis; Jones, James Felix *1813-1878* ; ID: gnd/1247240622; [London] : published by John Walker, geographer to the Honble. East India Company; 1 Karte; nan; nan; nan; nan; nan; Kart. U 7921; 1:KTA; nan
068402112; 3851603052; 1855; An ichnographic sketch of the remains of ancient Nineveh, with the enceinte of the modern Mosul, the Mūṣul of Arab M.S.S. and the Mespila of the Anabasis; Jones, James Felix *1813-1878* ; ID: gnd/1247240622; [London] : published by John Walker, geographer to the Honble. East India Company; 1 Karte; nan; nan; nan; nan; nan; Kart. U 7920-1; 1:KTA; nan
1324191783; 631560211; 1854; Bibel-Atlas nach den neuesten und besten Hülfsquellen; Kiepert, Heinrich *1818-1899* ; ID: gnd/116168862; Berlin : Müller; 24 S.; nan; nan; nan; nan; ark_2022-12-19; 4'@Kart. U 7070<3;b>; 1:KTA; nan
1324191783; 3816559549; 1854; Bibel-Atlas nach den neuesten und besten Hülfsquellen; Kiepert, Heinrich *1818-1899* ; ID: gnd/116168862; Berlin : Müller; 24 S.; nan; nan; nan; nan; nan; 4'@Kart. U 7070<3>; 1:KTA; nan
094527407; 373518345X; 1853; Karte von Alt-Indien : zu Prof. Chr. Lassens 'Indischer Altertumskunde'; nan; Bonn : H. B. König; 1 Karte; nan; nan; nan; nan; nan; Kart. U 9910; 1:KTA; nan
1687649588; 3576179186; 1852; Die Ebene von Troia : Winckelmanns-Fest zu Kiel 7, 8 u. 9 Decbr. 1852; nan; [Kiel]; 1 Karte; nan; nan; nan; nan; nan; Kart. U 7830; 1:KTA; nan
377357820; 631558713; 1851; Bibel-Atlas nach den neuesten und besten Hülfsquellen : Mit Erläuterungen, die sich an das Liscosche Bibelwerk anschliessen und einem biblisch-geographischen Register; Kiepert, Heinrich *1818-1899* ; ID: gnd/116168862; Berlin; nan; nan; nan; nan; nan; ark_2022-12-13; 4'@Kart. U 7070<2>@ s; 1:KTA; nan
336664281; 89306047X; 1851; Die Lage von Tigranokerta : hierzu eine Kt.; Mommsen, Theodor *1817-1903* ; ID: gnd/118583425; [S.l.]; S. 130 - 149; nan; nan; nan; nan; nan; 8'@Kart. U 7904; 1:KTA; nan
1727053370; 3739935081; 1850; [Kleinasien mit den antiken Landschaften]; nan; nan; 1 Karte; nan; nan; nan; nan; nan; Kart. U 7442; 1:KTA; nan
14821228X; 611064421; 1850; Beschreibung der Ebene von Troia; Forchhammer, Peter Wilhelm *1801-1894* ; ID: gnd/116661674; Frankfurt a.M. : Brönner; [2] Bl., 28 S.; nan; nan; nan; nan; nan; 4'@Kart. U 7828; 1:KTA; nan
1727957717; 3743480050; 1847; Die Persische Königsstraße von Susa nach Sardisdnach Herodotos V.52; nan; Berlin; 1 Karte; nan; nan; nan; nan; nan; 8'@Kart. U 6980; 1:KTA; nan
1727957717; 3743480069; 1847; Die Persische Königsstraße von Susa nach Sardisdnach Herodotos V.52; nan; Berlin; 1 Karte; nan; nan; nan; nan; nan; 8'@Kart. U 6981; 1:KTA; nan
1727957717; 3743480077; 1847; Die Persische Königsstraße von Susa nach Sardisdnach Herodotos V.52; nan; Berlin; 1 Karte; nan; nan; nan; nan; nan; 8'@Kart. U 6981<a>; 1:KTA; nan
1727957717; 3743480085; 1847; Die Persische Königsstraße von Susa nach Sardisdnach Herodotos V.52; nan; Berlin; 1 Karte; nan; nan; nan; nan; nan; 8'@Kart. U 6981<b>; 1:KTA; nan
322900093; 63155730X; 1847; Bibel-Atlas nach den neuesten und besten Hülfsquellen gezeichnet : Mit Erläuterungen, die sich an das Liscosche Bibelwerk anschließen und einem biblisch-geographischen Register; Kiepert, Heinrich *1818-1899* ; ID: gnd/116168862; Berlin : Verlag von C. W. F. Müller; 23 Seiten, XII Blatt Bildtafeln; nan; nan; nan; nan; ark_2022-12-13; 4'@Kart. U 7070; 1:KTA; nan
1777927889; 4003273354; 1845; A map of Arabia Petraca, the Holy Land, and Part of Egypt, ancient and modern : exhibiting their physical features, accompanied with geological notes, designed chiefly to illustrate those parts of the Old Testament which relate to the Exodus and Jour : nayings of the Israelites, and their settlement in the Land of Promise : compiled from the most authentic sources of information; nan; London : Houlston and Stoneman; 1 Karte; nan; nan; Revision IIIC 2021; nan; nan; 8'@Kart. U 7245; 4:KTA; nan
1727527275; 3741335452; 1845; Übersicht der Assyrisch-Persischen Königsstrassen und der älteren Völkergrenzen unter der Persischen Herrschaft in Vorder-Asien; nan; Berlin; 1 Karte; nan; nan; nan; nan; nan; Kart. U 6971; 1:KTA; nan
1727527216; 3741335312; 1845; Übersicht der Assyrisch-Persischen Königsstrassen und der älteren Völkergrenzen unter der Persischen Herrschaft in Vorder-Asien; nan; Berlin; 1 Karte; nan; nan; nan; nan; nan; Kart. U 6970; 1:KTA; nan
1727527186; 3741335193; 1845; Übersicht der Assyrisch-Persischen Königsstrassen und der älteren Völkergrenzen unter der Persischen Herrschaft in Vorder-Asien; nan; Berlin; 1 Karte; nan; nan; nan; nan; nan; Kart. U 6970<a>; 1:KTA; nan
322910048; 1309874735; 1845; Bibel-Atlas; nan; Weimar : Verl. des Landes-Industrie-Comptoirs; V, 147 S., XIII Bl; nan; nan; nan; nan; ark_2022-12-13; 8'@Kart. U 7058<2>; 1:KTA; nan
455065128; 3739915927; 1843; Das Sogenannte Monument des Sesostris bei Smyrna; Kiepert, Heinrich *1818-1899* ; ID: gnd/116168862; Berlin [u.a.]; S. 34-48 u. 3 Taf.; nan; nan; nan; nan; nan; 4'@Kart. U 7750; 1:KTA; nan
12946192X; 352605561; 1843; Archäologische Zeitung; nan; Berlin : Reimer; nan; 15.00$jGeschichte: Allgemeines; 15.15$jArchäologie; 15.17$jKlassische Archäologie; 105450375: Klassische Archäologie ; ID: gnd/4164039-1; nan; nan; nan; 4'@Kart. U 7750; 1:KTA; nan
04007417X; 632629967; 1843; Primeiro roteiro da costa da India : desde Goa até Dio; narrando a viagem que fez o Vice-Rei D. Garcia Noronha ... 1538 - 1539; Castro, João, de; Porto : Typogr. commercial portuense; XLIII, 280 S.; 74.05$jReisebeschreibungen$jGeschichte des Reisens; 104585129: Indien ; ID: gnd/4026722-2; nan; nan; nan; 4'@Kart. U 9935; 1:KTA; nan
04007417X; 632629975; 1843; Primeiro roteiro da costa da India : desde Goa até Dio; narrando a viagem que fez o Vice-Rei D. Garcia Noronha ... 1538 - 1539; Castro, João, de; Porto : Typogr. commercial portuense; XLIII, 280 S.; 74.05$jReisebeschreibungen$jGeschichte des Reisens; 104585129: Indien ; ID: gnd/4026722-2; nan; nan; nan; 2'@Kart. U 9935; 1:KTA; nan
1752228561; 3893254994; 1841; Carte de l'Arabie Pétrée : d'une partie de l'Égypte et de la Palestine : avec l'indication du Voyage des Israélites : peinte au commencement du quinzième siècle sur les murs de la cathédrale d'Hereford par Richard Haldingham; nan; [Paris]; [Leipzig] : Renouard et Co.; 1 Karte; nan; nan; nan; nan; nan; Kart. U 9408; 1:KTA; nan
140562877; 893061425; 1840; Fünf Inschriften und fünf Städte in Kleinasien : Eine Abhandlung topographischen Inhaltes; Franz, Johannes *1804-1851* ; ID: gnd/116719141; Berlin : in der Nicolaischen Buchhandlung; Berlin : Gedruckt in der Akademischen Buchdruckerei; 40 Seiten, 1 gefaltetes Blatt mit Tafel, 1 gefaltetes Blatt; 15.14$jDiplomatik$jEpigraphik; 15.27$jGriechische Welt$XAlte Geschichte; 10605726X: Anatolien ; ID: gnd/4085685-9; 10628598X: Inschrift ; ID: gnd/4027107-9; 105826847: Griechisch ; ID: gnd/4113791-7; nan; nan; nan; 8'@Kart. U 7690<a>; 1:KTA; nan
1727644875; 3742269917; 1839; [Tabula] provinciae Romanae Asiae citerioris; nan; nan; 1 Karte; nan; nan; nan; nan; nan; Kart. U 6850; 1:KTA; nan
1727039017; 3739904739; 1839; Dioceses Asiana et Pontica praefecturae orientis imperii romani tempore Justiniani Imo.; nan; nan; 1 Karte; nan; nan; nan; nan; nan; Kart. U 7500; 1:KTA; nan
1726070573; 3735189768; 1838; Ionia und Aiolis; Kiepert, Heinrich *1818-1899* ; ID: gnd/116168862; nan; 1 Karte; nan; nan; nan; nan; nan; Kart. U 7597; 1:KTA; nan
1027633498; 1786628775; 1838; Mawara an Nahr od Transoxiana; nan; [Bombay?]; 1 Karte; nan; nan; nan; nan; nan; Kart. U 9640; 1:KTA; nan
1745527745; 384175953X; 1836; Cyzicus und sein Gebiet : Karte nach Leake; Marquardt, Joachim *1812-1882* ; ID: gnd/11678931X; nan; 1 Karte; nan; nan; nan; nan; nan; Kart. U 7624; 1:KTA; nan
621101672; 1119416930; 1836; Historischer Atlas des Chinesischen Reiches; nan; Ossaka : Itámia; 1 Leporello; nan; nan; nan; nan; nan; 4'@Kart. U 9780; 1:KTA; nan
402765702; 440396999; 1834; Biblical Annual Or Scripture Cabinet Atlas; Starling, Thomas *ca. 19. Jh.* ; ID: gnd/140322302; London : Bull; XXIV Bl., 119 S; nan; nan; nan; nan; ark_2022-12-13; 8'@Kart. U 7060; 1:KTA; nan
485315750; 718423097; 1832; Bibel-Atlas; Weiland, Karl Ferdinand *1782-1847* ; ID: gnd/121494233; Weimar : Verlag des geographischen Instituts; 147 S., XIII Bl; nan; nan; nan; nan; ark_2022-12-18; 8'@Kart. U 7058; 1:KTA; nan
313571694; 659468352; 1831; The Bible Atlas, or Sacred Geography Delineated : In A Complete Series Of Scriptural Maps; Palmer, Richard ; ID: gnd/122297784; London : Baldwin and Cradock; York : Barday; [1] Bl., VII S., XXVI Bl., 32 S; nan; nan; nan; nan; ark_2022-12-13; 8'@Kart. U 7056; 1:KTA; nan
1690046139; 359534331X; 1828; Wand-Charte von Palaestina; nan; Bunzlau : Verfasser; 1 Kt. auf 9 Bl; nan; nan; nan; nan; nan; Kart. U 8460; 1:KTA; nan
1690046139; 3595343328; 1828; Wand-Charte von Palaestina; nan; Bunzlau : Verfasser; 1 Kt. auf 9 Bl; nan; nan; nan; nan; nan; 8'@Kart. U 8460-Erl.; 1:KTA; nan
1690046139; 3595343336; 1828; Wand-Charte von Palaestina; nan; Bunzlau : Verfasser; 1 Kt. auf 9 Bl; nan; nan; nan; nan; nan; 8'@Kart. U 8460-Erl.<a>; 1:KTA; nan
1690561041; 3597268706; 1821; Charte Der Gegend Um Den Todten See : bes. des moabit. u. edomit. Gebiets, n. d. neuesten Entdeckungsreisen zum Verständniss von Jes. X, XV u. XVI; nan; nan; 1 Karte; nan; nan; nan; nan; nan; Kart. U 9302; 1:KTA; nan
1802117288; 413503134X; 1820; Sipylus : la ville et la nécropole de Tantalis; nan; [S.l.]; 1 Karte; nan; nan; nan; nan; nan; Kart. U 7753; 1:KTA!; nan
1769631488; 3974750290; 1820; Die Zwanzig Satrapien des Darius Hystaspes in Asia und Africa mit den beyden Scythien; nan; nan; 1 Karte; nan; nan; nan; nan; nan; Kart. U 6960; 1:KTA; nan
1775819515; 3998151729; 1819; Map of the Persian Sea of the XIII Saeculi (plate IX, W. Ouseley voy. London 1819, Vol. I, 4); nan; nan; 1 Karte; nan; nan; nan; nan; nan; Kart. U 9610; 1:KTA; nan
1689550791; 3588635785; 1818; Leslie Fosters Map of the Troad; nan; Mem; 1 Karte; nan; nan; nan; nan; nan; Kart. U 7790; 1:KTA; nan
621206164; 1119608686; 1818; nan; nan; [s.l.]; 1 Leporello; nan; nan; nan; nan; nan; 4'@Kart. U 9790-1/2; 1:KTA; nan
621206113; 1119608538; 1818; nan; nan; [s.l.]; 1 Leporello; nan; nan; nan; nan; nan; 4'@Kart. U 9790-1/2; 1:KTA; nan
169681071X; 364244623X; 1815; Pars Asiae superioris ex Tabulis Ptolemaei ad ejus Prolego menorum Principia emendatis; nan; nan; 1 Karte; nan; nan; nan; nan; nan; Kart. U 9890; 1:KTA; nan
1795096209; 4084396516; 1810; [Telmessus in Lycien]; nan; [S.l.]; 1 Karte; nan; nan; nan; nan; nan; Kart. U 7755; 1:KTA!; nan
1689329696; 3588029362; 1810; Carte de la Colchide ancienne comprenant pour le Moderne la Côte des Lazes, de la Georgie Turque et des Abases; nan; [S.l.]; 1 Karte; nan; nan; nan; nan; nan; Kart. U 7560; 1:KTA; nan
1769631194; 3974749616; 1809; The countries situated between Babylon and the Carduchians : hdrawn on a lage scale ... J. Walker; nan; Kopie des südlichen Teiles der Originalkarte von Walker, erschienen bei James Rennell 1809; 1 Karte; nan; nan; nan; nan; nan; Kart. U 7952; 1:KTA; nan
621204234; 1119603315; 18XX; nan; nan; [s.l.]; 1 Leporello; nan; nan; nan; nan; nan; 4'@Kart. U 9800-1; 1:KTA; nan
